{"cameraMode":{"drawMode":0,"name":"Shaded","section":"Shading Mode"},"sceneLighting":true,"audioPlay":false,"sceneViewState":{"m_AlwaysRefresh":false,"showFog":true,"showSkybox":true,"showFlares":true,"showImageEffects":true,"showParticleSystems":true,"showVisualEffectGraphs":true,"m_FxEnabled":true},"in2DMode":false,"pivot":{"x":8.087214469909668,"y":1.2944469451904297,"z":28.292207717895509},"rotation":{"x":-0.27914801239967348,"y":-0.3480836749076843,"z":0.10939519852399826,"w":-0.8882337212562561},"size":13.134392738342286,"orthographic":false}