{"cameraMode":{"drawMode":0,"name":"Shaded","section":"Shading Mode"},"sceneLighting":false,"audioPlay":false,"sceneViewState":{"m_AlwaysRefresh":false,"showFog":true,"showSkybox":false,"showFlares":true,"showImageEffects":true,"showParticleSystems":true,"showVisualEffectGraphs":true,"m_FxEnabled":true},"in2DMode":false,"pivot":{"x":-0.19340720772743226,"y":0.6308582425117493,"z":0.208945170044899},"rotation":{"x":-0.09653700143098831,"y":-0.12802277505397798,"z":0.012520702555775643,"w":-0.9869866371154785},"size":0.7549976110458374,"orthographic":false}