{"cameraMode":{"drawMode":0,"name":"Shaded","section":"Shading Mode"},"sceneLighting":false,"audioPlay":false,"sceneViewState":{"m_AlwaysRefresh":false,"showFog":true,"showSkybox":false,"showFlares":true,"showImageEffects":true,"showParticleSystems":true,"showVisualEffectGraphs":true,"m_FxEnabled":true},"in2DMode":false,"pivot":{"x":-8.512661933898926,"y":0.6967897415161133,"z":-21.576913833618165},"rotation":{"x":-0.06436997652053833,"y":0.05146261677145958,"z":-0.003324264893308282,"w":-0.9965981245040894},"size":6.841164588928223,"orthographic":true}